[{"id":"51978640429@s.whatsapp.net","glimit":0},{"id":"5218771267039@s.whatsapp.net","glimit":1},{"id":"5491126368320@s.whatsapp.net","glimit":-6},{"id":"573192648965@s.whatsapp.net","glimit":20},{"id":"5215560977281@s.whatsapp.net","glimit":-41},{"id":"51974350381@s.whatsapp.net","glimit":19},{"id":"5493777729605@s.whatsapp.net","glimit":6},{"id":"51916007173@s.whatsapp.net","glimit":1},{"id":"5491127894006@s.whatsapp.net","glimit":7},{"id":"5214424741835@s.whatsapp.net","glimit":13},{"id":"573007275164@s.whatsapp.net","glimit":4},{"id":"50489079501@s.whatsapp.net","glimit":1},{"id":"51983414389@s.whatsapp.net","glimit":1},{"id":"5493415074538@s.whatsapp.net","glimit":-434},{"id":"5491158332090@s.whatsapp.net","glimit":20},{"id":"50379940857@s.whatsapp.net","glimit":1},{"id":"51996802959@s.whatsapp.net","glimit":5},{"id":"51940967676@s.whatsapp.net","glimit":20},{"id":"51994572042@s.whatsapp.net","glimit":20},{"id":"5493413139440@s.whatsapp.net","glimit":5},{"id":"51900193499@s.whatsapp.net","glimit":1},{"id":"595982569906@s.whatsapp.net","glimit":2},{"id":"5492645179553@s.whatsapp.net","glimit":-8},{"id":"56920057189@s.whatsapp.net","glimit":20},{"id":"573216916190@s.whatsapp.net","glimit":3},{"id":"50488476896@s.whatsapp.net","glimit":1},{"id":"573002111214@s.whatsapp.net","glimit":14},{"id":"56974738054@s.whatsapp.net","glimit":20},{"id":"5493716417510@s.whatsapp.net","glimit":4},{"id":"5359250892@s.whatsapp.net","glimit":19},{"id":"5217714409486@s.whatsapp.net","glimit":6},{"id":"5217821150065@s.whatsapp.net","glimit":7},{"id":"51971463634@s.whatsapp.net","glimit":4},{"id":"593987749996@s.whatsapp.net","glimit":5},{"id":"12082075213@s.whatsapp.net","glimit":1},{"id":"5492996241930@s.whatsapp.net","glimit":0},{"id":"5493402520382@s.whatsapp.net","glimit":-6256},{"id":"56994858890@s.whatsapp.net","glimit":11},{"id":"59165167918@s.whatsapp.net","glimit":2},{"id":"5212979756954@s.whatsapp.net","glimit":2},{"id":"5491125619435@s.whatsapp.net","glimit":20},{"id":"5217821465314@s.whatsapp.net","glimit":8},{"id":"59177376272@s.whatsapp.net","glimit":4},{"id":"17818162183@s.whatsapp.net","glimit":8},{"id":"5354456468@s.whatsapp.net","glimit":7},{"id":"5493412244109@s.whatsapp.net","glimit":3},{"id":"59896626242@s.whatsapp.net","glimit":0},{"id":"573133429198@s.whatsapp.net","glimit":4},{"id":"5212292109395@s.whatsapp.net","glimit":8},{"id":"5492934477996@s.whatsapp.net","glimit":5},{"id":"51925959694@s.whatsapp.net","glimit":2},{"id":"5493625231377@s.whatsapp.net","glimit":0},{"id":"51933858795@s.whatsapp.net","glimit":17},{"id":"855381016642@s.whatsapp.net","glimit":0},{"id":"573017871304@s.whatsapp.net","glimit":1}]